[
  {
    "file": "/home/cse/Desktop/CODE_COMPLIANCE_WEB_APP_1/CODE_COMPLIANCE_WEB_APP/code_compliance/compliance_app/templates/Rule_M_6_4_2.cpp",
    "command": "/usr/bin/gcc /home/cse/Desktop/CODE_COMPLIANCE_WEB_APP_1/CODE_COMPLIANCE_WEB_APP/code_compliance/compliance_app/templates/Rule_2_11_1.cpp /home/cse/Desktop/CODE_COMPLIANCE_WEB_APP_1/CODE_COMPLIANCE_WEB_APP/code_compliance/compliance_app/templates/Rule_A_0_4_2.cpp /home/cse/Desktop/CODE_COMPLIANCE_WEB_APP_1/CODE_COMPLIANCE_WEB_APP/code_compliance/compliance_app/templates/Rule_A_2_10_6.cpp /home/cse/Desktop/CODE_COMPLIANCE_WEB_APP_1/CODE_COMPLIANCE_WEB_APP/code_compliance/compliance_app/templates/Rule_M_0_1_3.cpp /home/cse/Desktop/CODE_COMPLIANCE_WEB_APP_1/CODE_COMPLIANCE_WEB_APP/code_compliance/compliance_app/templates/Rule_M_6_4_2.cpp",
    "directory": "/home/cse/Desktop/CODE_COMPLIANCE_WEB_APP_1/CODE_COMPLIANCE_WEB_APP/code_compliance"
  },
  {
    "file": "/home/cse/Desktop/CODE_COMPLIANCE_WEB_APP_1/CODE_COMPLIANCE_WEB_APP/code_compliance/compliance_app/templates/Rule_M_6_4_2.cpp",
    "command": "/usr/bin/gcc /home/cse/Desktop/CODE_COMPLIANCE_WEB_APP_1/CODE_COMPLIANCE_WEB_APP/code_compliance/compliance_app/templates/Rule_2_11_1.cpp /home/cse/Desktop/CODE_COMPLIANCE_WEB_APP_1/CODE_COMPLIANCE_WEB_APP/code_compliance/compliance_app/templates/Rule_A_0_4_2.cpp /home/cse/Desktop/CODE_COMPLIANCE_WEB_APP_1/CODE_COMPLIANCE_WEB_APP/code_compliance/compliance_app/templates/Rule_A_2_10_6.cpp /home/cse/Desktop/CODE_COMPLIANCE_WEB_APP_1/CODE_COMPLIANCE_WEB_APP/code_compliance/compliance_app/templates/Rule_M_0_1_3.cpp /home/cse/Desktop/CODE_COMPLIANCE_WEB_APP_1/CODE_COMPLIANCE_WEB_APP/code_compliance/compliance_app/templates/Rule_M_6_4_2.cpp",
    "directory": "/home/cse/Desktop/CODE_COMPLIANCE_WEB_APP_1/CODE_COMPLIANCE_WEB_APP/code_compliance"
  }
]