[
  {
    "file": "/home/cse/Desktop/CODE_COMPLIANCE_WEB_APP_1/CODE_COMPLIANCE_WEB_APP/code_compliance/compliance_app/templates/typedef.cpp",
    "command": "/usr/bin/g++ typedef.cpp",
    "directory": "/home/cse/Desktop/CODE_COMPLIANCE_WEB_APP_1/CODE_COMPLIANCE_WEB_APP/code_compliance/compliance_app/templates"
  },
  {
    "file": "/home/cse/Desktop/CODE_COMPLIANCE_WEB_APP_1/CODE_COMPLIANCE_WEB_APP/code_compliance/compliance_app/templates/typedef.cpp",
    "command": "/usr/bin/g++ typedef.cpp",
    "directory": "/home/cse/Desktop/CODE_COMPLIANCE_WEB_APP_1/CODE_COMPLIANCE_WEB_APP/code_compliance/compliance_app/templates"
  }
]